{
    "access_token": "105_iY51TClZ2pOVnHKfXeox5SOeKd743M9TCxDYnNp7K0gAxDJG_0kpdM1p-ehHm0L2qMLBU7SWzTvMg58p36PcMgN0AlkkgeBt9rmiz49sJsUXfbEtG3AvsIfzA3gVXLjADARTH",
    "expires_in": 2062,
    "credential_get_time": 1782119356.2776387,
    "credential_expire_time": 1782121413.2776387
}